title;name;url
PDI Conceituais dos Sistemas de Produção dos Campos de Marlim e Voador;pdis-conceituais-marlim-voador;https://www.gov.br/anp/pt-br/assuntos/exploracao-e-producao-de-oleo-e-gas/seguranca-operacional/arq/ppdi/pdis-conceituais-marlim-voador.pdf
PDI Conceitual da Plataforma P-65;PDI_C_P_65;https://www.gov.br/anp/pt-br/assuntos/exploracao-e-producao-de-oleo-e-gas/seguranca-operacional/arq/ppdi/PDI_C_P_65.pdf
PDI Conceitual da Plataforma Aratum (PART2);pdi_-conceitual-da-plataforma-aratum-part2;https://www.gov.br/anp/pt-br/assuntos/exploracao-e-producao-de-oleo-e-gas/seguranca-operacional/arq/ppdi/pdi_-conceitual-da-plataforma-aratum-part2.pdf
PDI Conceitual dea Plataforma e Poços Manati PMNT-1;pdi-conceitual-manati;https://www.gov.br/anp/pt-br/assuntos/exploracao-e-producao-de-oleo-e-gas/seguranca-operacional/arq/ppdi/pdi-conceitual-manati.pdf
PDI Conceitual do FPSO Pioneiro de Libra – SPA 2;pdi-conceitual-fpso-spa2;https://www.gov.br/anp/pt-br/assuntos/exploracao-e-producao-de-oleo-e-gas/seguranca-operacional/arq/ppdi/pdi-conceitual-fpso-spa2.pdf
PDI Conceitual do FPSO Fluminense;pdi-conceitual-plataforma-fluminense;https://www.gov.br/anp/pt-br/assuntos/exploracao-e-producao-de-oleo-e-gas/seguranca-operacional/arq/ppdi/pdi-conceitual-plataforma-fluminense.pdf
PDI Conceitual do Campo de Cambacica;PDI_C_Cambacica;https://www.gov.br/anp/pt-br/assuntos/exploracao-e-producao-de-oleo-e-gas/seguranca-operacional/arq/ppdi/PDI_C_Cambacica.pdf
PDI Conceitual do Campo de Carapanauba;pdi-conceitual-crp;https://www.gov.br/anp/pt-br/assuntos/exploracao-e-producao-de-oleo-e-gas/seguranca-operacional/arq/ppdi/pdi-conceitual-crp.pdf
PDI Conceitual do Campo de Cupiúba;pdi-conceitual-cup;https://www.gov.br/anp/pt-br/assuntos/exploracao-e-producao-de-oleo-e-gas/seguranca-operacional/arq/ppdi/pdi-conceitual-cup.pdf
PDI Conceitual do Campo de Fazenda Alto das Pedras;pdi_conceitual___fazenda_alto_da_pedras;https://www.gov.br/anp/pt-br/assuntos/exploracao-e-producao-de-oleo-e-gas/seguranca-operacional/arq/ppdi/pdi_conceitual___fazenda_alto_da_pedras.pdf
PDI Conceitual do Campo de Gavião Carijó;pdi-conceitual-campo-gaviao-carijo;https://www.gov.br/anp/pt-br/assuntos/exploracao-e-producao-de-oleo-e-gas/seguranca-operacional/arq/ppdi/pdi-conceitual-campo-gaviao-carijo.pdf
PDI Conceitual do Campo de Gavião Petro;pdi-conceitual-campo-gaviao-preto;https://www.gov.br/anp/pt-br/assuntos/exploracao-e-producao-de-oleo-e-gas/seguranca-operacional/arq/ppdi/pdi-conceitual-campo-gaviao-preto.pdf
PDI Conceitual do Campo de Jiribatuba;pdi-conceitual-campo-jaribatuba;https://www.gov.br/anp/pt-br/assuntos/exploracao-e-producao-de-oleo-e-gas/seguranca-operacional/arq/ppdi/pdi-conceitual-campo-jaribatuba.pdf
PDI Conceitual do Campo de Pariri;PDI_C_Pariri;https://www.gov.br/anp/pt-br/assuntos/exploracao-e-producao-de-oleo-e-gas/seguranca-operacional/arq/ppdi/PDI_C_Pariri.pdf
PDI Conceitual do Campo de Sudoeste do Urucu;pdi-conceitual-suc;https://www.gov.br/anp/pt-br/assuntos/exploracao-e-producao-de-oleo-e-gas/seguranca-operacional/arq/ppdi/pdi-conceitual-suc.pdf
PDI Conceitual do Parque das Conchas (Argonauta, Ostra e Abalone);PDI_C_PqdasConchas;https://www.gov.br/anp/pt-br/assuntos/exploracao-e-producao-de-oleo-e-gas/seguranca-operacional/arq/ppdi/PDI_C_PqdasConchas.pdf
PDI Conceitual Parte I Petrobras Plataforma P-47 Viola;pdi-conceitual-partei-petrobras-plataforma-p-47-viola;https://www.gov.br/anp/pt-br/assuntos/exploracao-e-producao-de-oleo-e-gas/seguranca-operacional/arq/ppdi/pdi-conceitual-partei-petrobras-plataforma-p-47-viola.pdf
PDI Conceitual Parte II Petrobras Plataforma P-47 Viola;pdi-conceitual-parteii-petrobras-plataforma-p-47-viola;https://www.gov.br/anp/pt-br/assuntos/exploracao-e-producao-de-oleo-e-gas/seguranca-operacional/arq/ppdi/pdi-conceitual-parteii-petrobras-plataforma-p-47-viola.pdf
PDI Conceitual SPA do campo de Atlanta;pdi-conceitual-spa-do-campo-de-atlanta-tarjado;https://www.gov.br/anp/pt-br/assuntos/exploracao-e-producao-de-oleo-e-gas/seguranca-operacional/arq/ppdi/pdi-conceitual-spa-do-campo-de-atlanta-tarjado.pdf
PDI do FPSO Piranema Spirit;pdipiranema;https://www.gov.br/anp/pt-br/assuntos/exploracao-e-producao-de-oleo-e-gas/seguranca-operacional/arq/ppdi/pdipiranema.pdf
PDI dos Dutos Remanescentes dos Polos de Pampo e Enchova;pdi-dutos-remanescentes-pampo-enchova;https://www.gov.br/anp/pt-br/assuntos/exploracao-e-producao-de-oleo-e-gas/seguranca-operacional/arq/ppdi/pdi-dutos-remanescentes-pampo-enchova.pdf
PDI Executivo do FPSO Cidade de Santos - Parte II;pdi-executivo-fpso-cidade-santos2;https://www.gov.br/anp/pt-br/assuntos/exploracao-e-producao-de-oleo-e-gas/seguranca-operacional/arq/ppdi/pdi-executivo-fpso-cidade-santos2.pdf
PDI Executivo do FPSO P-35 - Parte I;pdi-fpso-p-35_tarjado-parte-1;https://www.gov.br/anp/pt-br/assuntos/exploracao-e-producao-de-oleo-e-gas/seguranca-operacional/arq/ppdi/pdi-fpso-p-35_tarjado-parte-1.pdf
PDI Executivo do FPSO P-35 - Parte II;pdi-fpso-p-35_tarjado-parte-2;https://www.gov.br/anp/pt-br/assuntos/exploracao-e-producao-de-oleo-e-gas/seguranca-operacional/arq/ppdi/pdi-fpso-p-35_tarjado-parte-2.pdf
PDI Executivo SPA do FPSO Petrojarl I;pdi_executivo___fpso_petrojarl_i;https://www.gov.br/anp/pt-br/assuntos/exploracao-e-producao-de-oleo-e-gas/seguranca-operacional/arq/ppdi/pdi_executivo___fpso_petrojarl_i.pdf
PDI Executivo da Plataforma de Aratum (PART2;pdi-executivo-aratum-part2;https://www.gov.br/anp/pt-br/assuntos/exploracao-e-producao-de-oleo-e-gas/seguranca-operacional/arq/ppdi/pdi-executivo-aratum-part2.pdf
PDI Executivo do FPSO Capixaba;pdi-fpso-capx;https://www.gov.br/anp/pt-br/assuntos/exploracao-e-producao-de-oleo-e-gas/seguranca-operacional/arq/ppdi/pdi-fpso-capx.pdf
PDI Executivo do FPSO Cidade de Niterói;pdi-executivo-tarjado-fpso-cidade-niteroi;https://www.gov.br/anp/pt-br/assuntos/exploracao-e-producao-de-oleo-e-gas/seguranca-operacional/arq/ppdi/pdi-executivo-tarjado-fpso-cidade-niteroi.pdf
PDI Executivo do FPSO Fluminense;pdi-executivo-bjsa-tarjado;https://www.gov.br/anp/pt-br/assuntos/exploracao-e-producao-de-oleo-e-gas/seguranca-operacional/arq/ppdi/pdi-executivo-bjsa-tarjado.pdf
PDI Executivo do FPSO P-37 – Part I;pdi-executivo-fpso-37-parte1-1;https://www.gov.br/anp/pt-br/assuntos/exploracao-e-producao-de-oleo-e-gas/seguranca-operacional/arq/ppdi/pdi-executivo-fpso-37-parte1-1.pdf
PDI Executivo do FPSO P-37 – Part II;pdi-executivo-fpso-37-parte2;https://www.gov.br/anp/pt-br/assuntos/exploracao-e-producao-de-oleo-e-gas/seguranca-operacional/arq/ppdi/pdi-executivo-fpso-37-parte2.pdf
PDI Executivo da Plataforma de Biquara (PBIQ-01);pdi-executivo-plataforma-biquara-01;https://www.gov.br/anp/pt-br/assuntos/exploracao-e-producao-de-oleo-e-gas/seguranca-operacional/arq/ppdi/pdi-executivo-plataforma-biquara-01.pdf
PDI Executivo do FPSO P-32;pdi-fpso-p-32;https://www.gov.br/anp/pt-br/assuntos/exploracao-e-producao-de-oleo-e-gas/seguranca-operacional/arq/ppdi/pdi-fpso-p-32.pdf
PDI Executivo do FPSO P-33;pdi-fpso-p33;https://www.gov.br/anp/pt-br/assuntos/exploracao-e-producao-de-oleo-e-gas/seguranca-operacional/arq/ppdi/pdi-fpso-p33.pdf
PDI Executivo do FPSO Polvo;pdi-fpso-polvo;https://www.gov.br/anp/pt-br/assuntos/exploracao-e-producao-de-oleo-e-gas/seguranca-operacional/arq/ppdi/pdi-fpso-polvo.pdf
PDI Executivo da Plataforma P-20;pdi-executivo-p20;https://www.gov.br/anp/pt-br/assuntos/exploracao-e-producao-de-oleo-e-gas/seguranca-operacional/arq/ppdi/pdi-executivo-p20.pdf
PDI Executivo da Plataforma P-26;pdi-p-26-tarjado;https://www.gov.br/anp/pt-br/assuntos/exploracao-e-producao-de-oleo-e-gas/seguranca-operacional/arq/ppdi/pdi-p-26-tarjado.pdf
PDI Executivo da Plataforma P-19 - Parte I;pdi-executivo-p-19-1;https://www.gov.br/anp/pt-br/assuntos/exploracao-e-producao-de-oleo-e-gas/seguranca-operacional/arq/ppdi/pdi-executivo-p-19-1.pdf
PDI Executivo da Plataforma P-19 - Parte II;pdi-executivo-p-19-2;https://www.gov.br/anp/pt-br/assuntos/exploracao-e-producao-de-oleo-e-gas/seguranca-operacional/arq/ppdi/pdi-executivo-p-19-2.pdf
PDI Executivo da Plataforma P-19 - Parte III;pdi-executivo-p-19-3;https://www.gov.br/anp/pt-br/assuntos/exploracao-e-producao-de-oleo-e-gas/seguranca-operacional/arq/ppdi/pdi-executivo-p-19-3.pdf
PDI Executivo do Campo de Água Grande;pdi-executivo-campo-agua-grande;https://www.gov.br/anp/pt-br/assuntos/exploracao-e-producao-de-oleo-e-gas/seguranca-operacional/arq/ppdi/pdi-executivo-campo-agua-grande.pdf
PDI Executivo do Campo de Beija Flor;pdi-beija-flor;https://www.gov.br/anp/pt-br/assuntos/exploracao-e-producao-de-oleo-e-gas/seguranca-operacional/arq/ppdi/pdi-beija-flor.pdf
PDI Executivo do Campo de Camaçari;pdi-camacari;https://www.gov.br/anp/pt-br/assuntos/exploracao-e-producao-de-oleo-e-gas/seguranca-operacional/arq/ppdi/pdi-camacari.pdf
PDI Executivo do Campo de Dias D' Ávilas;pdi-dias-davila;https://www.gov.br/anp/pt-br/assuntos/exploracao-e-producao-de-oleo-e-gas/seguranca-operacional/arq/ppdi/pdi-dias-davila.pdf
PDI Executivo do Campo de Fazenda Gameleira;pdi-fazenda-gameleira-2021-tarjado;https://www.gov.br/anp/pt-br/assuntos/exploracao-e-producao-de-oleo-e-gas/seguranca-operacional/arq/ppdi/pdi-fazenda-gameleira-2021-tarjado.pdf
PDI Executivo do Campo de Fazenda Sori;pdi_fazenda_sori_2021_tarjado;https://www.gov.br/anp/pt-br/assuntos/exploracao-e-producao-de-oleo-e-gas/seguranca-operacional/arq/ppdi/pdi_fazenda_sori_2021_tarjado.pdf
PDI Executivo do Campo de Itaparica;pdi-campo-de-itaparica;https://www.gov.br/anp/pt-br/assuntos/exploracao-e-producao-de-oleo-e-gas/seguranca-operacional/arq/ppdi/pdi-campo-de-itaparica.pdf
PDI Executivo do Campo de Juruá;pdi-campo-jurua-tarjado;https://www.gov.br/anp/pt-br/assuntos/exploracao-e-producao-de-oleo-e-gas/seguranca-operacional/arq/ppdi/pdi-campo-jurua-tarjado.pdf
PDI Executivo do Campo de Lagoa Verde;pdi-executivo-lagoa-verde;https://www.gov.br/anp/pt-br/assuntos/exploracao-e-producao-de-oleo-e-gas/seguranca-operacional/arq/ppdi/pdi-executivo-lagoa-verde.pdf
PDI Executivo do Campo de Leodório;PDI_E_Leodorio;https://www.gov.br/anp/pt-br/assuntos/exploracao-e-producao-de-oleo-e-gas/seguranca-operacional/arq/ppdi/PDI_E_Leodorio.pdf
PDI Executivo do Campo de Miranga Leste;pdi-executivo-campo-miranga-leste;https://www.gov.br/anp/pt-br/assuntos/exploracao-e-producao-de-oleo-e-gas/seguranca-operacional/arq/ppdi/pdi-executivo-campo-miranga-leste.pdf
PDI Executivo do Campo de Mosquito;pdi_executivo-_mosquito_2022;https://www.gov.br/anp/pt-br/assuntos/exploracao-e-producao-de-oleo-e-gas/seguranca-operacional/arq/ppdi/pdi_executivo-_mosquito_2022.pdf
PDI Executivo do Campo de Mosquito Norte;pdi-executivo_mosquito_norte_2022;https://www.gov.br/anp/pt-br/assuntos/exploracao-e-producao-de-oleo-e-gas/seguranca-operacional/arq/ppdi/pdi-executivo_mosquito_norte_2022.pdf
PDI Executivo do Campo de Paramirim do Vencimento;pdi-paramirim-do-vencimento;https://www.gov.br/anp/pt-br/assuntos/exploracao-e-producao-de-oleo-e-gas/seguranca-operacional/arq/ppdi/pdi-paramirim-do-vencimento.pdf
PDI Executivo do Campo de Rio Ibiribas;pdi-rio-ibiribas-2021-tarjado;https://www.gov.br/anp/pt-br/assuntos/exploracao-e-producao-de-oleo-e-gas/seguranca-operacional/arq/ppdi/pdi-rio-ibiribas-2021-tarjado.pdf
PDI Executivo do Campo de Rio Joanes;pdi_-excecutivo-rio_joanes;https://www.gov.br/anp/pt-br/assuntos/exploracao-e-producao-de-oleo-e-gas/seguranca-operacional/arq/ppdi/pdi_-excecutivo-rio_joanes.pdf
PDI Executivo do Campo de Rio Preto;PDI_E_RioPreto;https://www.gov.br/anp/pt-br/assuntos/exploracao-e-producao-de-oleo-e-gas/seguranca-operacional/arq/ppdi/PDI_E_RioPreto.pdf
PDI Executivo Executivo de Tucano Grande;pdi-executivo-tucano-grande;https://www.gov.br/anp/pt-br/assuntos/exploracao-e-producao-de-oleo-e-gas/seguranca-operacional/arq/ppdi/pdi-executivo-tucano-grande.pdf
PDI Executivo do FPSO Cidade de Santos - Parte I;pdi-executivo-fpso-cidade-santos1;https://www.gov.br/anp/pt-br/assuntos/exploracao-e-producao-de-oleo-e-gas/seguranca-operacional/arq/ppdi/pdi-executivo-fpso-cidade-santos1.pdf
PDI Executivo Parcial da Plataforma de Agulha 1 (PAG-1);PDI_E_P_PAG_01;https://www.gov.br/anp/pt-br/assuntos/exploracao-e-producao-de-oleo-e-gas/seguranca-operacional/arq/ppdi/PDI_E_P_PAG_01.pdf
PDI Executivo Parcial da Plataforma de Agulha 3 (PAG-3;pdi-plataforma-pag-03;https://www.gov.br/anp/pt-br/assuntos/exploracao-e-producao-de-oleo-e-gas/seguranca-operacional/arq/ppdi/pdi-plataforma-pag-03.pdf
PDI Executivo Parcial da Plataforma de Camorim (PCM-11;pdi-executivo-parcial-pcm-11;https://www.gov.br/anp/pt-br/assuntos/exploracao-e-producao-de-oleo-e-gas/seguranca-operacional/arq/ppdi/pdi-executivo-parcial-pcm-11.pdf
PDI Executivo Parcial das Plataformas de Caioba ( PCB-1, PCB-2, PCB-3 e PCB-4);pdi_ex_caioba;https://www.gov.br/anp/pt-br/assuntos/exploracao-e-producao-de-oleo-e-gas/seguranca-operacional/arq/ppdi/pdi_ex_caioba.pdf
PDI Executivo Parcial das Plataformas de Camorim ( PCM-1 a PCM-10) - parte A;pdi-pcm-1a10-a;https://www.gov.br/anp/pt-br/assuntos/exploracao-e-producao-de-oleo-e-gas/seguranca-operacional/arq/ppdi/pdi-pcm-1a10-a.pdf
PDI Executivo Parcial das Plataformas de Camorim ( PCM-1 a PCM-10) - parte B;pdi-pcm-1a10-b;https://www.gov.br/anp/pt-br/assuntos/exploracao-e-producao-de-oleo-e-gas/seguranca-operacional/arq/ppdi/pdi-pcm-1a10-b.pdf
PDI Executivo Parcial das plataformas de Dourado (PDO-1, PDO-2 e PDO-3);PDI_E_P_Dourado;https://www.gov.br/anp/pt-br/assuntos/exploracao-e-producao-de-oleo-e-gas/seguranca-operacional/arq/ppdi/PDI_E_P_Dourado.pdf
PDI Executivo Parcial das plataformas de Guaricema (PGA-1, PGA-2, PGA-3, PGA-4, PGA-5, PGA-7 e PGA-8);PDI_E_P_Guaricema;https://www.gov.br/anp/pt-br/assuntos/exploracao-e-producao-de-oleo-e-gas/seguranca-operacional/arq/ppdi/PDI_E_P_Guaricema.pdf
PDI Executivo Parcial do campo de Salgo (PRB-01) - parte A;PDI_E_P_Salgo_1;https://www.gov.br/anp/pt-br/assuntos/exploracao-e-producao-de-oleo-e-gas/seguranca-operacional/arq/ppdi/PDI_E_P_Salgo_1.pdf
PDI Executivo Parcial do campo de Salgo (PRB-01) - parte B;PDI_E_P_Salgo_2;https://www.gov.br/anp/pt-br/assuntos/exploracao-e-producao-de-oleo-e-gas/seguranca-operacional/arq/ppdi/PDI_E_P_Salgo_2.pdf
PDI Executivo do Sistema Submarino Desassociados PCH-1 e PCH-2;pdi-executivo-sissub-cherne;https://www.gov.br/anp/pt-br/assuntos/exploracao-e-producao-de-oleo-e-gas/seguranca-operacional/arq/ppdi/pdi-executivo-sissub-cherne.pdf